"day","Time slot","Topic"
"1","9.00 - 9.45","Introduction and outline"
"1","9.45 - 10.00","Coffee break"
"1","10.00 - 10.45","R Package Syntax"
"1","10.45 - 11.30","Exercise: R packages"
"1","11.30 - 12.15","Software Engineering Workflow"
"1","12.15 - 13.15","Lunch break"
"1","13.15 - 14.00","Exercise: workflow"
"1","14.00 - 14.45","Package Quality"
"1","14.45 - 15.30","Exercise: package quality"
"1","15.30 - 15.45","Coffee break"
"1","15.45 - 16.30","Collaboration via GitHub"
"2","9.00 - 9.30","Exercise: collaboration via GitHub"
"2","9.30 - 10.15","Publication of R Packages"
"2","10.15 - 10.30","Coffee break"
"2","10.30 - 11.15","Exercise: publication"
"2","11.15 - 12.00","Shiny Design and Modules"
"2","12.00 - 12.45","Exercise: Shiny design"
"2","12.45 - 13.45","Lunch break"
"2","13.45 - 14.15","Shiny Tests"
"2","14.15 - 14.45","Exercise: Shiny tests"
"2","14.45 - 15.00","Coffee break"
"2","15.00 - 16.00","Using AI"
"2","16.00 - 16.30","Summary and Q&A"
